Sacar a pasear a Pachochin,Leann,2015-04-26,Completo
Bañar al perro,Alfred,2015-10-12,Incompleto
Jugar PS4,Mireya,2015-10-13,Completo
Administrar la pagina,Connor,2015-11-15,Incompleto
Jugar LOL,Myron,2015-06-16,Incompleto
Pintar un cuadro,Kane,2015-09-15,Incompleto
Administrar el Site,Franz,2015-11-10,Completo
Comprar para comer,Garnett,2015-10-21,Completo
Administrar el Site,Ronny,2015-04-15,Incompleto
Jugar LOL,Herta,2015-09-11,Completo
Programar en codea,Rey,2015-05-01,Incompleto
Comprar para comer,Kiarra,2015-02-22,Completo
Ver videos de momos,Gideon,2016-01-01,Incompleto
Programar en codea,Destin,2015-01-22,Incompleto
Administrar la pagina,Deion,2015-08-16,Completo
Programar en codea,Coy,2015-04-08,Completo
Bañar al perro,Courtney,2015-09-04,Incompleto
Ver videos de momos,Earnest,2015-08-08,Completo
Jugar XBOX,Randall,2015-07-11,Incompleto
Jugar XBOX,Moriah,2015-04-13,Completo
Pintar un cuadro,Anne,2015-11-21,Completo
Jugar PS4,Silas,2015-08-09,Incompleto
Ver videos de momos,Myrtice,2015-03-16,Incompleto
Comprar para comer,Enoch,2015-01-21,Completo
Ver videos de momos,Nayeli,2015-12-29,Incompleto
Dormir,Patience,2015-04-21,Completo
Jugar PS4,Carolina,2015-01-28,Incompleto
Bañar al perro,Delphia,2015-07-04,Incompleto
Dormir,Jewell,2015-03-25,Incompleto
Jugar PS4,Carissa,2015-11-25,Completo
Administrar el Site,Destin,2015-05-23,Incompleto
Dormir,Maya,2015-10-10,Incompleto
Jugar PS4,Henry,2015-09-11,Incompleto
Dormir,Helene,2015-07-23,Incompleto
Bailar danza arabe,Torey,2015-08-17,Completo
Pintar un cuadro,Hiram,2015-02-28,Incompleto
Trabajar en el front end,Loy,2015-07-28,Completo
Administrar el Site,Don,2015-03-17,Incompleto
Bañar al perro,Tyree,2015-02-22,Incompleto
Ver videos de momos,Zechariah,2015-05-25,Incompleto
Dormir,Deshaun,2015-01-28,Completo
Sacar a pasear a Pachochin,Brett,2015-05-06,Completo
Administrar la pagina,Pete,2015-08-06,Incompleto
Bañar al perro,Olen,2015-09-08,Incompleto
Trabajar en el front end,Verla,2015-11-24,Completo
Ver videos de momos,Scarlett,2015-06-23,Completo
Jugar XBOX,Kiana,2015-04-26,Incompleto
Pintar un cuadro,Burdette,2015-09-28,Incompleto
Pintar un cuadro,Alexa,2015-08-23,Incompleto
Administrar el Site,Leatha,2015-05-27,Incompleto
